-- phpMyAdmin SQL Dump
-- version 5.1.2
-- https://www.phpmyadmin.net/
--
-- Host: localhost:8889
-- Generation Time: May 25, 2023 at 06:50 AM
-- Server version: 5.7.24
-- PHP Version: 8.0.1

SET SQL_MODE = "NO_AUTO_VALUE_ON_ZERO";
START TRANSACTION;
SET time_zone = "+00:00";


/*!40101 SET @OLD_CHARACTER_SET_CLIENT=@@CHARACTER_SET_CLIENT */;
/*!40101 SET @OLD_CHARACTER_SET_RESULTS=@@CHARACTER_SET_RESULTS */;
/*!40101 SET @OLD_COLLATION_CONNECTION=@@COLLATION_CONNECTION */;
/*!40101 SET NAMES utf8mb4 */;

--
-- Database: `project`
--

-- --------------------------------------------------------

--
-- Table structure for table `admin`
--

CREATE TABLE `admin` (
  `adminId` int(11) NOT NULL,
  `adminAccount` varchar(20) DEFAULT NULL,
  `adminPW` varchar(60) DEFAULT NULL,
  `adminRights` int(3) DEFAULT '1'
) ENGINE=InnoDB DEFAULT CHARSET=utf8;

--
-- Dumping data for table `admin`
--

INSERT INTO `admin` (`adminId`, `adminAccount`, `adminPW`, `adminRights`) VALUES
(1, 'a', 'a', 1),
(2, 'admin', 'adminadmin', 1);

-- --------------------------------------------------------

--
-- Table structure for table `classinfo`
--

CREATE TABLE `classinfo` (
  `csid` int(11) NOT NULL,
  `csname` varchar(20) NOT NULL,
  `csdetail` text NOT NULL,
  `class_img` varchar(50) NOT NULL DEFAULT '../img/class/undefined.png'
) ENGINE=InnoDB DEFAULT CHARSET=utf8;

--
-- Dumping data for table `classinfo`
--

INSERT INTO `classinfo` (`csid`, `csname`, `csdetail`, `class_img`) VALUES
(1, 'Zumba', 'Zumba通過混合低強度和高強度動作進行間歇式訓練，一旦課堂上放著拉丁和世界性的節奏，就會明白為什麼Zumba Fitness課程如何藉由舞蹈和派對方式達到運動成效；Zumba Fitness的優點為全身性鍛煉，結合健身元素，每次離開課堂時都能提升能量和強大的力量。', '../img/class/groupclass_1.jpg'),
(2, '體塑流動', '體塑流動是一種混合運動鍛煉，運用赤足方式達到肌肉訓練、平衡、核心及全身連動性運動，搭配流行音樂及流動體適能訓練，可以盡情享受動靜間揮灑汗水的樂趣。體塑流動LeanFlow可以提高心肺強度、柔韌性、減輕平衡壓力並提高整體健身水平。', '../img/class/groupclass_2.jpg'),
(3, '熱舞派對', '有氧老師通常會以最簡單的方式讓會員跟上，並加入適當的舞感使參與的會員們得到成就感，也利用簡單的變化讓身體適應不同的動作，啟動大小肌肉開啟神經肌肉的控制訓練。', '../img/class/groupclass_3.jpg'),
(4, '國標舞', '根據教學的不同有所謂男女對舞以及個人排舞，服裝上也有老師建議穿舞鞋來上課，學習國標舞Ballroom Dance的好處上更是一流，國標舞Ballroom Dance的舞風上對形體姿態要求非常嚴格，不僅要挺胸收腹，肩膀要平順，脊椎和頸椎的基本體線制定也非常要求。', '../img/class/groupclass_4.jpg'),
(5, '正位瑜珈', '正位瑜珈回歸身體的本位，利用最基本的水平正位來進行瑜珈體位法的技巧，達成端正姿態的效果，在練習過程中每個動作都必須在對的位置、方向水平上，停留3-5個呼吸，聆聽身體的反饋，同時鍛鍊並扎實肌肉和筋骨。', '../img/class/groupclass_5.jpg'),
(6, '瑜伽伸展', '瑜珈伸展並不吃力，它很緩和、很鬆弛、循序漸進且不帶競爭性，可以產生某種微妙爽快的感覺，並傳達給肌肉。瑜珈只需要一張墊子、搭配上柔和的音樂，這種伸展運動因人而異、不分性別與年齡，不必遵循什麼刻板的規則。', '../img/class/groupclass_6.jpg'),
(7, 'Body Balance', 'Body Balance課程中，伴隨著美麗空靈的音樂，通過一系列簡單的瑜伽動作，訓練和伸展身體。動作中融入了一些太極和皮拉提斯的元素，呼吸控制更是所有練習的一部分，訓練過程中，教練都會為初學者提供各種難度的選擇，整個身體都會得到強化。', '../img/class/groupclass_7.jpg'),
(8, '踏動原力', '踏動原力StepForce為World Gym 創編WOW系列課程，是一堂套裝型態的階梯課程，以體適能有氧運動為主軸，輔以階梯踏板模擬環境，透過簡單階梯動作組合、基底核心訓練、肢體舞動的釋放，讓音樂帶著身體踏動起來。', '../img/class/groupclass_8.jpg'),
(9, '瑜珈球', '瑜珈球課程融合了太極、瑜珈、皮拉提斯，以及活力有氧等等，並將各種元素巧妙運用瑜珈球來運動，不但可以提昇心肺適能，更能雕塑身體曲線，達到瘦身的效果，同時因為手部持球的動作來訓練到人體的末梢神經，並提升協調性跟專注力。', '../img/class/groupclass_9.jpg'),
(10, '功能性訓練', '肌力、有氧、間歇和核心肌基礎訓練，透過多層面，全方位功能性訓練動作經過交互搭配，打造出各式運動計畫，持續鍛鍊並挑戰你的體能，以獲得最佳訓練成果。適合各種程度的人參加。', '../img/class/groupclass_10.jpg'),
(11, '全方位雕塑', '課程強調全身肌肉線條的訓練，進而增加肌肉量提高基礎代謝率，快速燃脂，達到改造體態與雕塑身材的功效，以達完美體態；同時在肌肉量提升之後，也間接地提升運動效果，讓運動更事倍功半，適合各種程度的人，', '../img/class/groupclass_11.jpg'),
(12, '混合有氧', '有氧運動一詞，是美國Dr. Cooper於一九六八年所提出來的，意思是指在運動時隨時在體內充份攝取的氧氣，而自從Tackj Sorensen利用步行、跑步、跳躍,以各種不同於手臂擺動和踢腿動作配合輕快緊湊的音樂節奏與全身的大肌肉活動一起實施的健身運動。', '../img/class/groupclass_12.jpg'),
(13, '階梯有氧', '階梯有氧運動具有高強度低衝擊的運動特性，運用階梯踏板做有氧舞步變化，適當的音樂速度及正確的姿勢、且利用有氧踏板高度的不同，增加其不同的運動強度，便能雕塑優美的體型及提高臀線。', '../img/class/groupclass_13.jpg'),
(14, '動能衝擊', '動能衝擊是一堂結合基礎有氧步型和體適能訓練的有氧課程，以活力有趣的動作搭配流行的音樂節奏，讓大家可以快速上手，再也不用擔心跟不上複雜的步型變化而失去信心。', '../img/class/groupclass_14.jpg'),
(15, '拳擊', '建立基礎拳擊知識與標準動作，包括正確的站姿、穩定且快速的步伐及基本出拳組合等，結合趣味性與能夠提升心肺體能的練習，讓會員了解到實際的拳擊應用。', '../img/class/groupclass_15.jpg'),
(16, '巴西柔術', '巴西柔術是著重自衛技能的實戰武術，擅長在地板上控制對手以擒拿、拋摔、絞殺技、關節技，將對手制服；初階課程學習基本動作、逃脫、控制與反擊。', '../img/class/groupclass_16.jpg'),
(17, '球雕塑', '利用肌力雕塑等訓練動作並透過球道具來鍛煉強化身體的每一塊肌肉，適合一般新生或是有固定運動習慣者。藉由球道具來提昇小肌肉群的感受度，同時加強體態雕塑的效果。', '../img/class/groupclass_17.jpg'),
(18, '拉丁有氧', '拉丁有氧課程源自中南美洲，其舞步對下半身的動作要求較大，同時也因為拉丁有氧的節奏不像高低衝擊有氧舞蹈那麼快速，也幾乎沒有彈跳等高衝擊的動作，比較容易展現較為柔魅的風采。', '../img/class/groupclass_18.jpg'),
(19, '飛輪', '在飛輪會不停變化強度，教練使用音樂的方式讓學員們保持著正面的心態，飛輪訓練不會傷害到膝蓋以及雙足，有些因傷而不能跑步或是跑步機的，都能嘗試使用飛輪訓練。', '../img/class/groupclass_19.jpg'),
(20, 'Tabata', 'TABATA是一種高強度間歇訓練，目的是要在運動時盡可能使用最多的肌肉群，以利於有效率地消耗熱量，並且同時提升身體的有氧和無氧（心肺工能和肌肉）的運動能力，', '../img/class/groupclass_20.jpg');

-- --------------------------------------------------------

--
-- Table structure for table `coach`
--

CREATE TABLE `coach` (
  `cid` int(11) NOT NULL,
  `cname` varchar(20) NOT NULL,
  `skill` text NOT NULL,
  `cinfo` text,
  `cimg` varchar(200) NOT NULL,
  `building` varchar(10) DEFAULT NULL,
  `license` text NOT NULL
) ENGINE=InnoDB DEFAULT CHARSET=utf8;

--
-- Dumping data for table `coach`
--

INSERT INTO `coach` (`cid`, `cname`, `skill`, `cinfo`, `cimg`, `building`, `license`) VALUES
(1, 'Cindy', '健康減重雕塑\r\n柔軟度伸展\r\n心肺功能加強訓練', '關於我黃大大', '../../img/coach/coach1.jpg', '高雄草衙館', 'ISCA L1運動營養專家專業研習'),
(2, 'Nelly', '強力瘦身指導體態評估與調整\r\n體能綜合訓練\r\n增肌增重訓練', '關於我陳小小', '../../img/coach/coach2.jpg', '高雄草衙館', 'NASM美國國家運動醫學學院\r\n筋膜刀放鬆認證'),
(3, 'Joe ', '重量訓練\r\n曲線雕塑\r\n肌力訓練', '關於我這個', '../../img/coach/coach3.jpg', '台北旗艦館', 'RTS美國國際阻力專業學院'),
(4, 'Terry', '肌力重建運動\r\n關節強化訓練\r\n核心肌群完整訓練規劃', '關於我這個', '../../img/coach/coach4.jpg', '高雄草衙館', 'Air Fit滑輪式懸吊訓練師\r\nWGT私人教練認證'),
(5, 'Bill', '功能性訓練\r\nViPR功能訓練\r\nKick Fit Boxing\r\nCross Core懸吊系統訓練', 'BILL資訊', '../../img/coach/coach5.jpg', '台北旗艦館', 'AASFP亞洲運動與體適能專業學院\r\nAFAA美國體適能專業學院'),
(6, 'Max', '個人訓練課程規劃\r\n增肌減脂規劃\r\n體態雕塑', '5555', '../../img/coach/coach6.jpg', '台北旗艦館', 'AASFP亞洲運動及體適能專業學院高級私人教練證\r\nAFAA WT '),
(7, 'Wade', '減重/增重規劃\r\n拳擊體適能訓練系統\r\nPT-X訓練系統', '測試攝氏', '../../img/coach/coach7.jpg', '高雄草衙館', 'RTS美國國際阻力專業學院 \r\nAASFP亞洲運動及體適能專業學院C級證照'),
(8, 'Ida', '運動伸展按摩\r\n孕婦產前產後訓練\r\nRBT懸吊系統訓練', 'dddsdf', '../../img/coach/coach8.jpg', '台中文心館', '中華民國紅十字會CPR&AED證照'),
(9, 'Allen', '體態評估矯正訓練\r\n個人體適能規劃\r\n滾筒放鬆', '五六七八', '../../img/coach/coach9.jpg', '台中文心館', 'RTS美國國際阻力專業學院\r\nHFPA美國科學健身訓練'),
(10, 'Eddie', '個人體適能規劃\r\n重量訓練\r\n體態評估與調整\r\n增重與減重訓練規劃', NULL, '../../img/coach/coach10.jpg', '台北旗艦館', '初階拳擊教練認證'),
(11, 'Eason', '減重訓練計畫\r\n肌力肌耐力訓練\r\n飲食規劃指導', NULL, '../../img/coach/coach11.jpg', '台北旗艦館', 'ViPR功能性訓練認證 TRX懸吊系統阻抗式訓練教練認證 '),
(12, 'Chole', 'ViPR核心系統訓練\r\nettlebell壺鈴訓練\r\nPurmotion系統訓練', NULL, '../../img/coach/coach12.jpg', '台中文心館', 'TRX-STC\r\n筋膜刀放鬆認證'),
(13, 'Steven', '運動傷害矯正與預防\r\nStroops VITL系統訓練', NULL, '../../img/coach/coach13.jpg', '台中文心館', '美國國家運動醫學NASN-CPT 國際私人教練證照\r\nOptimum Kinetics'),
(14, 'Uma', '體態評估矯正訓練\r\n筋膜刀調整放鬆\r\n減脂雕塑', NULL, '../../img/coach/coach14.jpg', '台中文心館', 'ISCA國際運動教練協會C級教練\r\n中華民國紅十字會CPR&AED證照');

-- --------------------------------------------------------

--
-- Table structure for table `collect`
--

CREATE TABLE `collect` (
  `collect_id` int(11) NOT NULL,
  `products_name` varchar(100) DEFAULT NULL,
  `products_price` int(11) DEFAULT NULL,
  `products_image` varchar(100) DEFAULT NULL,
  `mid` varchar(100) DEFAULT NULL,
  `collectBoolean` int(1) DEFAULT '1',
  `products_description` varchar(100) DEFAULT NULL,
  `update_at` timestamp NOT NULL DEFAULT CURRENT_TIMESTAMP
) ENGINE=InnoDB DEFAULT CHARSET=utf8;

--
-- Dumping data for table `collect`
--

INSERT INTO `collect` (`collect_id`, `products_name`, `products_price`, `products_image`, `mid`, `collectBoolean`, `products_description`, `update_at`) VALUES
(1, '透明分離乳清蛋白粉', 1520, '../img/shop/nutritional/nutritional 001.png', '24', 1, '含有20克蛋白質', '2023-05-16 13:34:29'),
(2, 'Impact 乳清蛋白粉', 990, '../img/shop/nutritional/nutritional 002.png', '24', 1, '每份蛋白質含量高達 21 克', '2023-05-16 13:50:11'),
(3, '高蛋白威化餅乾', 1440, '../img/shop/nutritional/nutritional 003.png', '24', 1, '比超市售賣的普通威化餅乾的糖分含量少 60% ，脂肪含量少 20%', '2023-05-16 13:34:36'),
(4, '高蛋白格蘭諾拉麥片', 1680, '../img/shop/nutritional/nutritional 004.png', '24', 0, '纖維的豐富來源', '2023-05-16 13:34:56'),
(5, '高蛋白軟糖', 1410, '../img/shop/nutritional/nutritional 005.png', '24', 1, '方便的蛋白質來源', '2023-05-16 13:50:16'),
(6, '維他命 D 軟糖', 950, '../img/shop/nutritional/nutritional 006.png', '24', 1, '每顆軟糖含有 25 微克維他命 D3 ', '2023-05-16 13:34:42'),
(7, '100％ AAKG 精胺酸粉', 3320, '../img/shop/nutritional/nutritional 007.png', '24', 0, '含有精胺酸和精胺酸-α-酮戊二酸', '2023-05-15 09:20:35'),
(8, '左旋肉鹼液體膠囊', 1300, '../img/shop/nutritional/nutritional 008.png', '24', 0, '液體製劑吸收快速，具有更高的吸收率及生物利用度', '2023-05-15 15:47:46'),
(9, '好風光按摩椅', 63800, '../img/shop/massage/massage 001.png', '24', 0, '碳纖維遠紅外線加熱、溫度調節', '2023-05-15 15:47:55'),
(10, '日本製 5D-Ai 按摩椅', 125800, '../img/shop/massage/massage 002.png', '24', 0, '腳底舒服指壓，特殊滾輪形狀刺激腳心到腳底外側', '2023-05-15 16:08:27'),
(11, '冰熱敷按摩槍', 5680, '../img/shop/massage/massage 003.png', '24', 0, '內置具充電功能、超長續航力環保鋰電電池', '2023-05-14 14:43:38'),
(12, '眼部紓摩器', 3680, '../img/shop/massage/massage 004.png', '24', 0, '內置全包覆氣囊間歇按壓', '2023-05-14 09:48:35'),
(13, '3D多感舒摩背墊', 6980, '../img/shop/massage/massage 005.png', '24', 0, '旋轉立體滾動4D按摩球，如真人手感按壓享受', '2023-05-15 15:48:32'),
(14, '暖骨頭舒壓按摩枕', 2980, '../img/shop/massage/massage 006.png', '24', 0, '溫熱熱敷功能，幫助肌肉深層放鬆', '2023-05-15 15:49:09'),
(15, '足腿腰椅凳造型按摩機', 9800, '../img/shop/massage/massage 007.png', '24', 0, '足腿兩側雙氣囊溫和抓握按壓', '2023-05-14 10:18:03'),
(16, '電動跑步機', 46800, '../img/shop/equipment/equipment 001.png', '24', 0, '獨家複合式避震系統，確保你每個步伐舒適', '2023-05-15 15:50:07'),
(17, '交叉訓練機', 48800, '../img/shop/equipment/equipment 002.png', '24', 0, '大型心率圈有氧羅盤，查看成效超直覺', '2023-05-14 10:18:19'),
(18, '直立式健身車', 148800, '../img/shop/equipment/equipment 003.png', '24', 0, '雙層框架設計，提供低跨步及相對穩定的機身', '2023-05-14 10:59:43'),
(22, 'Impact 乳清蛋白粉', 990, '../img/shop/nutritional/nutritional 002.png', '31', 1, '每份蛋白質含量高達 21 克', '2023-05-16 13:53:49'),
(23, '高蛋白格蘭諾拉麥片', 1680, '../img/shop/nutritional/nutritional 004.png', '31', 1, '纖維的豐富來源', '2023-05-16 13:44:58'),
(24, '透明分離乳清蛋白粉', 1520, '../img/shop/nutritional/nutritional 001.png', '31', 1, '含有20克蛋白質', '2023-05-16 13:44:50'),
(25, '高蛋白軟糖', 1410, '../img/shop/nutritional/nutritional 005.png', '31', 1, '方便的蛋白質來源', '2023-05-16 13:45:02'),
(26, '高蛋白威化餅乾', 1440, '../img/shop/nutritional/nutritional 003.png', '31', 0, '比超市售賣的普通威化餅乾的糖分含量少 60% ，脂肪含量少 20%', '2023-05-16 13:45:17'),
(27, '維他命 D 軟糖', 950, '../img/shop/nutritional/nutritional 006.png', '31', 1, '每顆軟糖含有 25 微克維他命 D3 ', '2023-05-16 13:49:11'),
(28, '好風光按摩椅', 63800, '../img/shop/massage/massage 001.png', '31', 1, '碳纖維遠紅外線加熱、溫度調節', '2023-05-16 13:49:30'),
(29, '交叉訓練機', 48800, '../img/shop/equipment/equipment 002.png', '31', 1, '大型心率圈有氧羅盤，查看成效超直覺', '2023-05-16 13:58:11'),
(30, '扭腰踏步機', 1980, '../img/shop/equipment/equipment 007.png', '24', 1, '非傳統上下踏步，扭腰/踏步同時進行', '2023-05-16 15:23:32'),
(31, 'Impact 乳清蛋白粉', 990, '../img/shop/nutritional/nutritional 002.png', '7', 1, '每份蛋白質含量高達 21 克', '2023-05-19 03:47:16'),
(32, '扭腰踏步機', 1980, '../img/shop/equipment/equipment 007.png', '7', 0, '非傳統上下踏步，扭腰/踏步同時進行', '2023-05-18 14:26:49'),
(33, '高蛋白威化餅乾', 1440, '../img/shop/nutritional/nutritional 003.png', '7', 1, '比超市售賣的普通威化餅乾的糖分含量少 60% ，脂肪含量少 20%', '2023-05-19 03:47:38'),
(34, '高蛋白格蘭諾拉麥片', 1680, '../img/shop/nutritional/nutritional 004.png', '7', 0, '纖維的豐富來源', '2023-05-19 03:34:55'),
(35, '透明分離乳清蛋白粉', 1520, '../img/shop/nutritional/nutritional 001.png', '7', 0, '含有&nbsp;20 克蛋白質', '2023-05-18 14:28:47'),
(36, '好風光按摩椅', 63800, '../img/shop/massage/massage 001.png', '7', 1, '碳纖維遠紅外線加熱、溫度調節', '2023-05-19 03:50:34'),
(37, '眼部紓摩器', 3680, '../img/shop/massage/massage 004.png', '7', 0, '內置全包覆氣囊間歇按壓', '2023-05-19 03:53:37'),
(38, '高蛋白軟糖', 1410, '../img/shop/nutritional/nutritional 005.png', '7', 0, '方便的蛋白質來源', '2023-05-18 14:33:26'),
(39, '維他命 D 軟糖', 950, '../img/shop/nutritional/nutritional 006.png', '7', 0, '每顆軟糖含有 25 微克維他命 D3 ', '2023-05-19 03:48:52'),
(40, '100％ AAKG 精胺酸粉', 3320, '../img/shop/nutritional/nutritional 007.png', '7', 1, '含有精胺酸和精胺酸-α-酮戊二酸', '2023-05-19 03:53:25'),
(41, '日本製 5D-Ai 按摩椅', 125800, '../img/shop/massage/massage 002.png', '7', 0, '腳底舒服指壓，特殊滾輪形狀刺激腳心到腳底外側', '2023-05-19 03:53:28'),
(42, '暖骨頭舒壓按摩枕', 2980, '../img/shop/massage/massage 006.png', '7', 0, '溫熱熱敷功能，幫助肌肉深層放鬆', '2023-05-19 03:35:41'),
(43, '足腿腰椅凳造型按摩機', 9800, '../img/shop/massage/massage 007.png', '7', 0, '足腿兩側雙氣囊溫和抓握按壓', '2023-05-19 03:35:06'),
(44, '交叉訓練機', 48800, '../img/shop/equipment/equipment 002.png', '7', 0, '大型心率圈有氧羅盤，查看成效超直覺', '2023-05-19 03:33:43'),
(45, '電動跑步機', 46800, '../img/shop/equipment/equipment 001.png', '7', 0, '獨家複合式避震系統，確保你每個步伐舒適', '2023-05-19 03:33:47'),
(46, '直立式健身車', 148800, '../img/shop/equipment/equipment 003.png', '7', 0, '雙層框架設計，提供低跨步及相對穩定的機身', '2023-05-19 03:33:51'),
(47, '極峰登山訓練機', 58800, '../img/shop/equipment/equipment 004.png', '7', 0, '懸吊式外觀設計，漸少噪音並更顯動作流暢', '2023-05-19 03:33:54'),
(48, '冰熱敷按摩槍', 5680, '../img/shop/massage/massage 003.png', '7', 1, '內置具充電功能、超長續航力環保鋰電電池', '2023-05-19 03:52:57'),
(49, '3D多感舒摩背墊', 6980, '../img/shop/massage/massage 005.png', '7', 0, '旋轉立體滾動4D按摩球，如真人手感按壓享受', '2023-05-19 03:35:39'),
(50, '超薄舒摩枕', 3360, '../img/shop/massage/massage 008.png', '7', 0, '', '2023-05-19 03:35:43'),
(51, '左旋肉鹼液體膠囊', 1300, '../img/shop/nutritional/nutritional 008.png', '7', 1, '液體製劑吸收快速，具有更高的吸收率及生物利用度', '2023-05-19 03:48:41'),
(52, '透明分離乳清蛋白粉', 1520, '../img/shop/nutritional/nutritional 001.png', '5', 0, '含有20克蛋白質', '2023-05-25 01:55:56'),
(53, '高蛋白威化餅乾', 1440, '../img/shop/nutritional/nutritional 003.png', '5', 0, '比超市售賣的普通威化餅乾的糖分含量少 60% ，脂肪含量少 20%', '2023-05-25 01:55:52'),
(54, '高蛋白格蘭諾拉麥片', 1680, '../img/shop/nutritional/nutritional 004.png', '5', 1, '纖維的豐富來源', '2023-05-22 05:16:00'),
(55, 'Impact 乳清蛋白粉', 990, '../img/shop/nutritional/nutritional 002.png', '5', 1, '每份蛋白質含量高達 21 克', '2023-05-25 01:56:03'),
(56, '日本製 5D-Ai 按摩椅', 125800, '../img/shop/massage/massage 002.png', '5', 0, '腳底舒服指壓，特殊滾輪形狀刺激腳心到腳底外側', '2023-05-25 01:55:41'),
(57, '冰熱敷按摩槍', 5680, '../img/shop/massage/massage 003.png', '5', 0, '內置具充電功能、超長續航力環保鋰電電池', '2023-05-25 01:56:10'),
(58, '暖骨頭舒壓按摩枕', 2980, '../img/shop/massage/massage 006.png', '5', 1, '溫熱熱敷功能，幫助肌肉深層放鬆', '2023-05-25 03:54:51'),
(59, '3D多感舒摩背墊', 6980, '../img/shop/massage/massage 005.png', '5', 0, '旋轉立體滾動4D按摩球，如真人手感按壓享受', '2023-05-22 07:11:31'),
(60, '眼部紓摩器', 3680, '../img/shop/massage/massage 004.png', '5', 0, '內置全包覆氣囊間歇按壓', '2023-05-22 07:53:51'),
(61, '足腿腰椅凳造型按摩機', 9800, '../img/shop/massage/massage 007.png', '5', 0, '足腿兩側雙氣囊溫和抓握按壓', '2023-05-22 07:53:13'),
(62, '超薄舒摩枕', 3360, '../img/shop/massage/massage 008.png', '5', 0, '', '2023-05-22 07:53:16'),
(63, '100％ AAKG 精胺酸粉', 3320, '../img/shop/nutritional/nutritional 007.png', '5', 0, '含有精胺酸和精胺酸-α-酮戊二酸', '2023-05-25 01:55:23'),
(64, '好風光按摩椅', 63800, '../img/shop/massage/massage 001.png', '5', 0, '碳纖維遠紅外線加熱、溫度調節', '2023-05-25 01:56:07'),
(65, '維他命 D 軟糖', 950, '../img/shop/nutritional/nutritional 006.png', '5', 0, '每顆軟糖含有 25 微克維他命 D3 ', '2023-05-25 01:55:30'),
(66, '左旋肉鹼液體膠囊', 1300, '../img/shop/nutritional/nutritional 008.png', '5', 0, '液體製劑吸收快速，具有更高的吸收率及生物利用度', '2023-05-25 01:55:35');

-- --------------------------------------------------------

--
-- Table structure for table `entertime`
--

CREATE TABLE `entertime` (
  `entertime_id` int(11) NOT NULL,
  `mid` int(11) NOT NULL,
  `building` varchar(20) NOT NULL DEFAULT '台北旗艦店',
  `entertime` timestamp NOT NULL DEFAULT CURRENT_TIMESTAMP,
  `exittime` timestamp NULL DEFAULT NULL
) ENGINE=InnoDB DEFAULT CHARSET=utf8;

--
-- Dumping data for table `entertime`
--

INSERT INTO `entertime` (`entertime_id`, `mid`, `building`, `entertime`, `exittime`) VALUES
(1, 2, '台北旗艦館', '2023-05-09 09:34:15', '2023-05-09 10:44:19'),
(2, 8, '高雄草衙館', '2023-05-09 17:15:15', '2023-05-09 18:44:30'),
(3, 10, '台中文心館', '2023-05-09 10:09:18', '2023-05-09 11:44:44'),
(4, 6, '台北旗艦館', '2023-05-09 10:19:18', '2023-05-09 10:44:52'),
(5, 7, '台北旗艦店', '2023-04-24 08:19:43', '2023-04-24 10:45:00'),
(6, 5, '台中文心館', '2023-04-25 00:20:23', '2023-04-25 10:45:12'),
(7, 5, '台北旗艦館', '2023-05-09 18:24:42', '2023-05-09 19:33:59'),
(8, 7, '台北旗艦店', '2023-05-09 14:58:45', '2023-05-09 16:03:15'),
(9, 3, '台中文心館', '2023-05-09 15:03:15', '2023-05-09 16:17:15'),
(10, 1, '台北旗艦館', '2023-05-09 16:03:15', '2023-05-09 19:34:15'),
(11, 1, '台北旗艦店', '2023-05-08 22:34:15', '2023-05-08 23:34:15'),
(12, 2, '台北旗艦館', '2023-05-09 19:34:15', '2023-05-09 22:37:18'),
(13, 11, '台中文心館', '2023-05-09 11:09:20', '2023-05-09 14:15:25'),
(14, 4, '台北旗艦館', '2023-05-09 21:09:20', '2023-05-09 22:00:10'),
(15, 5, '台北旗艦館', '2023-04-27 15:08:55', '2023-04-27 16:15:35'),
(16, 6, '台北旗艦店', '2023-04-20 15:08:55', '2023-04-20 17:22:57'),
(17, 7, '台北旗艦店', '2023-03-31 20:34:15', '2023-03-31 22:35:25'),
(18, 8, '台北旗艦店', '2023-03-31 22:34:15', NULL),
(19, 9, '台北旗艦店', '2023-03-31 22:34:15', NULL),
(20, 10, '台北旗艦店', '2023-03-31 22:34:15', NULL),
(21, 11, '台北旗艦店', '2023-03-31 22:34:15', NULL),
(22, 7, '台北旗艦店', '2023-04-14 19:21:15', '2023-04-14 21:22:04'),
(23, 7, '台北旗艦店', '2023-05-02 15:22:04', '2023-05-02 17:27:22');

-- --------------------------------------------------------

--
-- Table structure for table `member`
--

CREATE TABLE `member` (
  `mid` int(11) NOT NULL,
  `rights` int(3) NOT NULL DEFAULT '1',
  `mname` varchar(50) NOT NULL,
  `maccount` varchar(100) NOT NULL,
  `mPW` varchar(200) NOT NULL,
  `mphone` varchar(20) DEFAULT NULL,
  `memail` varchar(50) DEFAULT NULL,
  `mbirth` varchar(200) DEFAULT NULL,
  `maddress` varchar(200) DEFAULT NULL,
  `gender` varchar(10) NOT NULL DEFAULT '隱藏',
  `avatar` varchar(100) NOT NULL DEFAULT '../img/avatar/undefined.png',
  `point` int(10) NOT NULL DEFAULT '0',
  `total_times` int(11) NOT NULL DEFAULT '0',
  `created_at` datetime NOT NULL DEFAULT CURRENT_TIMESTAMP,
  `updated_at` datetime NOT NULL DEFAULT CURRENT_TIMESTAMP
) ENGINE=InnoDB DEFAULT CHARSET=utf8;

--
-- Dumping data for table `member`
--

INSERT INTO `member` (`mid`, `rights`, `mname`, `maccount`, `mPW`, `mphone`, `memail`, `mbirth`, `maddress`, `gender`, `avatar`, `point`, `total_times`, `created_at`, `updated_at`) VALUES
(1, 1, '張苳崠', 'qscefb104', '$2a$10$IyUYQbAAlqQFOUf6EVOKCerXwEuuJkiq57cNpzZuNxSvVQNAXt3Bi', '0900454577', '台中市南屯區干城街88號', '1995-07-08', '台中市南屯區干城街88號 ', '隱藏', '../img/avatar/member1.png', 85123, 15, '2023-05-10 21:52:35', '2023-05-10 21:52:35'),
(2, 1, '陳熙稀', 'waxder543', '$2a$10$jEyu5BrrGMxK8qLLr7vCIuiyI9ythparWtLW9USdR6d/Hn47roxHm', '0911871235', 'sdfx547c@gmail.com', '1996-08-10', '彰化縣埔心鄉忠義北路51號', '隱藏', '../img/avatar/member2.png', 4523, 215, '2023-05-10 21:55:27', '2023-05-10 21:55:27'),
(3, 1, '鄭揹盃', 'fghtyru8754', '$2a$10$VUwYntG5Uyn4nAo/Mfg07ufXgyf3IzhPqT7ZRe2nAoic5vOnRzD2.', '0926999678', 'we889rgfh@yahoo.com.tw', '2000-09-05', '雲林縣斗六市明德路599號 ', '隱藏', '../img/avatar/undefined.png', 92559, 413, '2023-05-10 21:58:35', '2023-05-10 21:58:35'),
(4, 1, '韓柟楠', 'jkgh40iui9', '$2a$10$BjIyC0d.thNkLp3m2aT6JeqW64zOy6zLG14LJyhwzuhfDm5fKExDC', '0955437962', 'kohgf777@yam.com.tw', '1990-11-11', '嘉義市東區王田里圓福街86號 ', '隱藏', '../img/avatar/undefined.png', 45122, 119, '2023-05-10 22:00:10', '2023-05-10 22:00:10'),
(5, 1, '白柏宇', 'catcat15', '$2a$10$ZcXGomq30B66dOO.Sr8Cfelvufpf9WG7sXCIOb8igt9gSDGajZjyi', '0925844752', 'erthgf77ss@yam.com.tw', '1998-02-14', '臺南市歸仁區民權十街20號', '隱藏', '../img/avatar/member5.png', 41439, 157, '2023-05-10 22:04:14', '2023-05-10 22:04:14'),
(6, 1, '翁雅雯', 'priekq987', '$2a$10$bdjp5lzxfJNhoY4aSXvhrevofX3vIs4P6CV2hNAESYe2YjhTNFE2.', '0929915111', 'priekqe987@gmail.com', '1996-03-03', '高雄市小港區孔宅二街13號', '隱藏', '../img/avatar/undefined.png', 355, 214, '2023-05-10 22:08:55', '2023-05-10 22:08:55'),
(7, 1, '陳澤輝', 'dogdog15', '$2a$10$dTaKnf/A0.28IhIhiCKNfOeh9mmr6Z0kNaCL.vllFZd.TskFfJiW2', '0925158355', 'eriiry24@gmail.com', '1989-09-10', '臺中市太平區新高路19號', '隱藏', '../img/avatar/member7.png', 41080, 67, '2023-05-10 22:17:13', '2023-05-18 15:46:32'),
(8, 1, '賴鳳賢', 'loioeija18', '$2a$10$64IsQj8kQq1flxXXhpd1qeVoq50vB3wWdBvnUOEiXE4ufhTkbBax2', '0987159357', 'loioeija18@yahoo.com.tw', '2005-09-15', '彰化縣二林鎮三德街7號', '隱藏', '../img/avatar/undefined.png', 50, 65, '2023-05-10 22:21:55', '2023-05-10 22:21:55'),
(9, 1, '王人昀', 'errtai57', '$2a$10$Ms25Y/xGrIutTrAC9VNteORAFt2z49miRL2fO88Dmh9vuNcL.Xx.y', '0915789582', 'errtaddi57@gmail.com', '2005-11-29', '臺北市士林區延平北路20號', '隱藏', '../img/avatar/undefined.png', 75000, 25, '2023-05-10 22:22:38', '2023-05-10 22:22:38'),
(10, 1, '黃昕海', 'yru8754', '$2a$10$5CUIKJ7CFthdSTLXDhs73OJsjS5N1gICBsruleeIcxQ7/bX1IGEXu', '0957984258', 'yru8884@gmail.com', '2002-04-02', '屏東縣潮州鎮天文街6號', '隱藏', '../img/avatar/member10.png', 5770, 98, '2023-05-10 22:31:50', '2023-05-10 22:31:50'),
(11, 1, '李建士', 'pjjill', '$2a$10$ge2VkgvgbUXFVfV0xsZHvuFalI0cr6kg85wGKZtmpuADKmeVKyCGa', '0945963147', 'pjjill98@gmail.com', '2005-11-30', '苗栗縣苑裡鎮玉田7號', '隱藏', '../img/avatar/undefined.png', 97862, 508, '2023-05-10 22:34:50', '2023-05-10 22:34:50');

-- --------------------------------------------------------

--
-- Table structure for table `news`
--

CREATE TABLE `news` (
  `newsid` int(11) NOT NULL,
  `news_title` varchar(50) NOT NULL,
  `news_text` text,
  `news_img` varchar(30) DEFAULT '../../img/news/undefined.jpg',
  `news_class` varchar(20) DEFAULT NULL,
  `created_at` timestamp NOT NULL DEFAULT CURRENT_TIMESTAMP
) ENGINE=InnoDB DEFAULT CHARSET=utf8;

--
-- Dumping data for table `news`
--

INSERT INTO `news` (`newsid`, `news_title`, `news_text`, `news_img`, `news_class`, `created_at`) VALUES
(1, '無糖豆漿這樣喝！', '\"多項研究顯示，吃東西比較快的人，身材也比較胖。日本福岡大學醫學院在2011年發表的一項調查，以529名男性為對象，分為快食組、中度與慢食組別，8年下來快食組胖了1.9公斤，是中、慢食組的2.7倍。\r\n為什麼吃太快會容易胖？因為當我們進食時，飽足感訊號還沒有時間傳遞到大腦，所以容易過量飲食。用餐後，身體會抑制「饑餓素」的產生（主要由胃腸分泌），讓你感到吃飽了，可以停止進食，但這個過程通常需要20分鐘。也因此一餐的進食時間若慢慢吃，控制在20到30分鐘之間，比較不會吃過頭！\r\n《美國臨床營養雜誌》一項小型研究指出，吃飯時咀嚼次數從15下增加到40下後，攝取的熱量減少、飽足感也會提高。\r\n日本東京大學醫學系教授佐佐木敏也表示，曾有研究針對用餐速度與肥胖程度之間的關聯進行調查，結果發現，不論年紀大小，用餐最快的女性，都比慢慢吃的族群平均多胖了6kg，男性的狀況更明顯，用餐最快與最慢的平均體重差了9kg之多。\"	\r\n', '../../img/news/news1.png', 'food', '2023-03-02 03:59:46'),
(2, '騎腳踏車會加速膝蓋退化？	', '\"有位重量級人物最近提到了一個問題，到底膝蓋有退化的人可不可以騎腳踏車，她說「有人說膝蓋退化不能騎腳踏車，因為騎了會加速膝蓋磨損，但是也有人說還是可以騎腳踏車，動一動比較不會退化，到底是可不可以騎腳踏車啊？」\r\n由於這位重量級人物真的超重要，她就是我家阿母，母親節又要到了，所以阿母說的問題當然要認真給她回答一下哩。馬上就搜尋了相關的論文研究來解答。\r\n室內腳踏車與膝蓋退化性關節炎的研究。\r\n第一篇研究是2021年在「臨床康復（clinical rehabilitation）」雜誌上發表的論文，這篇是整理了過去有關於室內腳踏車（健身腳踏車）運動的研究，來分析會不會對退化性關節炎有影響；內容一共收集了七篇論文，一共有724位退化性關節炎的病患。\r\n研究結果是這樣的：\r\n和沒在運動的人相比：騎室內腳踏車能減少疼痛感、改善運動功能。但是對於關節僵硬、日常生活功能、生活品質的改善程度，沒有達到臨床上的顯著差異。\r\n和做其他運動的人相比：騎室內腳踏車對於症狀、疼痛、關節僵硬、功能這些皆沒有太大差異。\r\n這篇論文的結論是騎室內腳踏車和其他的運動相比較起來，沒有太大的差異，而且對於疼痛感以及運動功能可以有改善，因此如果有退化性關節炎的病患要運動，醫師可以依照病患的喜好以及考慮相關成本後給建議，至於騎室內腳踏車也是一個可以的選擇唷。\"	\r\n', '../../img/news/news2.png', 'exercise', '2023-03-09 04:01:06'),
(3, '必懂的「乳清蛋白」這檔事	', '\"健康風潮正夯，熱衷上健身房的年輕人為了「增肌」，隨身攜帶「時尚標配」乳清蛋白、團購舒肥雞胸肉，差點誤以為是年輕人專屬的健康語言。但其實，廣大的中熟男、中熟女們，更應該好好把握「乳清蛋白」這關鍵字，畢竟40歲後，肌肉開始加速流失，適度補充足量、優質蛋白質，可攸關未來生活品質。\r\n蛋白質補充跟得上肌肉流失速度嗎？檢視蛋白質營養不良\r\n40歲後的肌肉量以每年1％速度流失，衛福部2021年普查發現，「跌倒」是熟齡長者最容易輕忽、卻也最危險的意外風險，行動力大不如前，一旦重心不穩就會跌倒受傷，大幅影響生活品質。因此人邁入中年後，就應該好好重視行動力。究竟人體缺乏蛋白質，會出現哪些警訊？專業復健科侯鐘堡醫師，描述以下日常情境，可以逐一檢視是否出現「蛋白質營養不良」。侯鐘堡醫師表示，支撐人體行動力的支柱是肌肉以及骨骼，要靠強健的肌肉張力牽引，刺激骨骼強度，肌肉量和骨骼質量形成正相關。而蛋白質是身體肌肉的構成元素，更是幾乎可以視為健康的根本，且充足的肌肉量才能留住蛋白質營養，穩固靈活行動力的重要支柱，保護身體，「因此千萬不要以為補充蛋白質只是年輕人的事！」\r\n侯鐘堡醫師提醒，偏偏許多熟齡長輩或許因口味改變，三餐傾向清淡、少吃肉，認為這樣可以減輕身體負擔，卻沒想到，反而造成蛋白質攝取不足，久而久之，肌肉流失的實際情況更不樂觀。\r\n\"	\r\n', '../../img/news/news3.jpg', 'food', '2023-03-16 04:01:40'),
(4, '鮪魚罐頭裡不是鮪魚？	', '\"編按：日前食藥署召開魚類罐頭產品專家會議，放寬鮪魚罐頭內容物，「正鰹」可以標示成「鮪魚」，因此鮪魚罐頭內的原料，可以是「正鰹」、黑鮪魚、長鰭鮪、黃鰭鮪、大西洋鮪等。而在此之前，以「正鰹」作為鮪魚罐頭的原料，也是業界公開的秘密。\r\n魚類是優質的蛋白質來源，對孕婦、小孩都具有很高的營養價值！高雄市立鳳山醫院營養治療科廖嘉音營養師表示，為降低因海洋污染對魚類的影響， 建議盡量多食用中小型的魚類，以減少重金屬污染對健康的影響。\r\n吃魚對健康好處多多，但是選對魚種也非常重要！有鑒於現代社會海洋污染問題重重，大型魚類因食物鏈的關係，體內沉積的重金屬污染也往往較高，因此，廖嘉音營養師建議，吃魚最好選體型中小型的魚類為佳，例如像是鯊魚、旗魚、鮪魚、油魚等體型較大的魚類最好避免食用！\r\n若以分齡飲食建議來看，食品藥物管理署亦有 魚類攝食指南可供參考！\r\n1至3歲兒童：建議每週至少均衡攝取2份（70克）的中小型魚類。\r\n4至6歲兒童：建議每週至少均衡攝取3份（105克）的中小型魚類。\r\n孕婦及育齡婦女：建議每週至少均衡攝取7至9份（245至315克）的中小型魚類。\"	\r\n', '../../img/news/news4.png', 'food', '2023-03-23 04:02:08'),
(5, '扭扭腰多1步燃脂大爆發	', '\"長時間坐在辦公室工作，不僅容易駝背也會慢慢成為小腹婆，手臂也因不常活動到，揮手與人道別時，總會特別意識到「掰掰袖」萬惡的存在。日本前奧運金牌選手高橋義人便曾在日本電視特別節目中幫助10人的大家庭進行減重，透過看似簡單的「扭腰」動作，目標是讓他們在短短2個月的期間內減掉近100公斤的體重，近兩年更因提倡的動作有驚人成效，引起廣大的回響，被各大電視節目邀請參與瘦身單元，而蔚為風潮！受到許多知名模特兒與歌手土屋安娜信賴的私人健身教練高橋義人提到，30秒的扭腰動作就像在進行50公尺全力衝刺一樣會讓身體進行發熱，而且會刺激「乳糜池」促進淋巴循環！\r\n乳糜池位於胸線下方，是淋巴循環系統的起點，透過扭腰動作即可運動到腹部的核心肌群，並對乳糜池給予足夠的刺激，重新讓囤積沉澱許久的淋巴液一口氣恢復循環，當淋巴系統正常循環後，即可排出身體裡的老廢物質，改善浮腫的症狀。高橋義人對此還提到，只要計時30秒進行動作，平均在結束後可減少0.5公分左右，效果瞬效又顯著！\"	\r\n', '../../img/news/news5.jpg', 'exercise', '2023-03-30 04:02:22'),
(6, '超慢跑教學好處攻略！	', '\"超慢跑是這幾年在日本、台灣都很受歡迎的有氧運動，除了運動減肥、鍛鍊全身肌力、加強心肺耐力，特點更在於高效能、低強度，還能改善三高、慢性病，而且適合各種年齡層，連膝蓋不好的人也可以。本文從超慢跑的好處、功效開始介紹，帶你學習超慢跑姿勢、訓練技巧、加強效果訣竅，一起加入超慢跑的行列，體會比藥方更有效的健康解方。\r\n超慢跑到底是什麼呢？顧名思義，超慢跑強調用非常慢的速度跑步，這樣的跑步運動甚至慢到可以保持微笑、跟旁人聊天。日本超慢跑專家田中宏曉表示，這樣的跑法比走路快、比跑步慢，時速只有4到6公里，整體效果卻高於走路及跑步。正因為把超慢跑的強度控制得很低，讓血液中的乳酸濃度不會增加太多，即使長時間活動，也不容易疲累或痠痛，所以可以跑更久，藉此達到穩定血糖、燃脂減重、改善心肺功能的功效。\"	\r\n', '../../img/news/news6.jpg', 'exercise', '2023-04-06 04:02:34'),
(7, '40歲、60歲也需要打疫苗！	', '\"有很多疫苗，在成人階段，也是需要補接種的。舉例來說，日本腦炎過往都是兒童特有的疾病，但如今九成以上的日本腦炎病例，都是二十歲以上的成年人。麻疹也是，當年因為旅遊而爆發的麻疹群突發事件中，清一色都是二十至四十歲的成年人，沒有小孩（因為疫苗保護仍在），也沒有老人（因為童年時得過的抗體還夠用）。\r\n今天就來介紹八種成人需接種的疫苗，有些內容我已經在本書其他地方提及，會快速的帶過。\r\n1. 流感疫苗：\r\n台灣有一個很大的問題，就是十八到六十四歲之間的健康成年人，幾乎都不打流感疫苗。很多人認為流感疫苗「只有那些抵抗力差的人需要公費接種」，其他不在名單上的民眾，尤其是健康的成年人，就不需要打疫苗，這其實是天大的誤會。幼童、老人、慢性病患者抵抗力差，是應該接種疫苗沒錯，但由於他們的抵抗力不佳，打了流感疫苗之後，保護力也不夠完美。\r\n美國的《臨床感染症期刊》（CID）曾有一份研究報告，指出若社區裡十八到六十四歲的成年人，在流感季接種流感疫苗的話，當年可以減少二一％老人罹患流感的機率。因此健康成年人接種流感疫苗，除了保護自己之外，更重要的是可保護家中的幼兒與老人。 （編輯推薦：原來是流感惹的禍！一圖秒懂流感、新冠、感冒症狀差異）\r\n2. 日本腦炎疫苗：\r\n由於抗體會隨年齡消退日本腦炎疫苗，建議二十至六十歲補打，尤其居住在鄉村、養豬戶旁更建議補接種，保護效果可達二十至三十年。 （編輯推薦：日本腦炎少有症狀，但發病後死亡率高！疫苗接種、病媒蚊預防重點一次看）\r\n3. 人類乳突病毒HPV疫苗（子宮頸癌疫苗）：\r\n國健署在二○一八年已將HPV疫苗納入公費，提供國一女生施打，不過，四十五歲以前都可以考慮接種此疫苗預防子宮頸癌。一般成年人需要打三劑，但國一女生／男生接種，只需要打兩劑就有保護效果。 （編輯推薦：子宮頸癌疫苗知多少：認識HPV病毒，HPV疫苗如何選？）\r\n4. 腦膜炎雙球菌疫苗：\r\n這支疫苗建議老人、免疫不全，或是有群體生活需要者，如軍營、住校生等接種，需打兩劑才有完整保護效果。\r\n5. 帶狀疱疹疫苗：\r\n感染帶狀疱疹痊癒後，常會持續神經痛好幾個月，可說是痛不欲生，甚至快要憂鬱症。帶狀疱疹疫苗建議接種族群為五十至八十歲。\r\n6. A型肝炎疫苗：\r\n台灣四十歲以上成人應該都曾感染過A肝病毒，而四歲以下則有公費疫苗保護，所以四到四十歲這段空窗期，如果需要出國，或擔心自己感染A肝病毒，就可以考慮自費接種。\r\n7. 百日咳、白喉、破傷風疫苗：\r\n這支三合一疫苗在學齡前兒童是公費接種，建議青少年和孕婦可考慮自費補打。青少年活動力高，可能會騎車、探險，受傷機率較高，也需要避免破傷風，一般建議此疫苗每十年補打一次較好。而孕婦在第三孕期接種此疫苗可以保護新生兒在最危險的年齡，不會得到百日咳。\r\n8. 肺炎鏈球菌疫苗：\r\n六十五歲以上的長者，可先自費接種新型一三價接合型疫苗後，一年之後如果想要再補強抗體，七十五歲以上可以進一步公費接種二三價多醣體疫苗。提醒大家，順序正確很重要，接合型疫苗先打，多醣體疫苗後打，保護效果更佳。未來將有新款的一五價接合型疫苗，可取代一三價疫苗，另外二○價接合型疫苗也會上市，它會一統天下，取代所有舊款的肺炎鏈球菌疫苗。 \"	\r\n', '../../img/news/news7.jpg', 'health', '2023-04-13 04:02:58'),
(8, '不用藥的自律神經平衡法！	', '\"回想從前求學時代，有些章節特別重要，考前好心的老師會直接說，「我百分之七十以上會從這幾頁出題喔。」對我這種讀經很會讀書不太行，但求過關不求滿分的人來說，死活也要把這章全部背起來，記得滾瓜爛熟。如此一來，即便其他篇章來不及看完，至少都還能拿個及格。維持健康的方式，其實和考試準備有很多相似之處。\r\n老後健康有力的秘訣？就是喝水！\r\n現在我直接告訴你關鍵、洩題給你，不求不死，但求老後健康腿腳有力、事事能自理不求人。維護老年生活尊嚴的健康關鍵，就是「水」！宇宙與人體享有共通的水火風空五元素，在五大元素中，最重要的「水」元素，重要性占百分之七十二。其他與土地、土壤、跟吃東西有關的「地」元素，占比百分之十二。而跟呼吸、風的流動、空氣、循環相關的「風」元素占百分之六。「火」元素對應熱能、光、太陽、維持體溫與新陳代謝，它占百分之四。剩下的百分之六是空，在西藏我們用空性、空間來理解它，而印度人稱它為「阿喀許（Akash）」。\"	\r\n', '../../img/news/news8.jpg', 'health', '2023-04-20 04:03:55'),
(9, '皮膚癌常見10大症狀前兆！	', '\"根據去年衛生福利部所公布的國人十大癌症統計及排名中，皮膚癌分別在男女的排名第八以及第九名，且罹患人數年年增高；另一方面，皮膚癌的最大主因「紫外線」也在去年突破新高，罹患其他皮膚疾病的人數也跟著節節攀升，如果不加強保護措施的話，極可能會因為疏忽而造成像是截肢一般的憾事，是一項不容忽視的問題，而如何預防皮膚癌，亦成了必須學習的一大課題。\r\n皮膚癌所指的是皮膚表層上的惡性腫瘤，最常發生在臉部、脖子跟手臂這三個最常被陽光照射的地方。根據台北市聯合醫院癌症防治研究發展中心解釋，皮膚癌的種類主要分為三種：\r\n皮膚癌種類\r\n1.基底細胞癌：是最常見的皮膚惡性腫瘤，但是比較不容易轉移，有70%到90%發生在臉部以及容易照到陽光的地方，如果沒有及時發現的話，可能會導致局部神經被破壞。\r\n2.鱗狀細胞癌：亞洲第二常見皮膚惡性腫瘤，多發生在皮膚陽光照射處，但也有可能發生在腿部或是腹壁等會受到慢性傷害或輻射的地方，而且可能經由淋巴腺轉移到其他內臟，使淋巴結腫大。\r\n3.黑色素細胞癌：亞洲第三常見皮膚惡性腫瘤，惡性度最高，不只容易致死也容易轉移，最常發生在四肢的末端，例如手指、腳趾、手掌、腳掌等處，但也有可能會出現在身體的其他地方，包含臉部以及黏膜處。\"	\r\n', '../../img/news/news9.jpg', 'health', '2023-04-27 04:04:20'),
(10, '抵抗力不足，可以這樣調！	', '\"從小到大，你我身邊都會遇到體質虛弱的朋友，甚至不少人本身就是苦主！尤其台灣天氣溼度高，換季期間劇烈的溫差、空氣髒汙等，都能讓人苦不堪言！嚴重者甚至白天上班上課無法專心、晚上也睡不好覺，生活大受影響，卻往往不知從何改善。\r\n體質調整是場花錢又花時間的長期抗戰，許多人會選擇相對溫和的保健食品調理，然而市面上調整體質的保健食品內容多為各式益生菌，民眾對菌種的認識有限，許多時候就會陷入無謂的菌數比較，還得擔心保存方式、菌種存活率會影響食用效果，不禁讓人想問，想要長期、溫和的調整體質，難道只能選擇益生菌嗎？\r\n調整體質，你的選擇還有這個！\r\n說到體質調理，其實還有一個我們更熟悉、信賴的選項：傳統和漢草本。取自自然的花草樹木調配，是華人文化自古以來就懂得運用的智慧。到了現代也仍舊歷久不衰。日本百年大廠「德山」便看中這點，跨海與台灣權威研究機構共同研發，希望讓和漢草本能夠以嶄新、更加親民的形式貼近大眾，於是便有了「赤芍+甘草+五味子膠囊」的誕生。\"	\r\n', '../../img/news/news10.jpg', 'health', '2023-05-04 04:04:40'),
(11, '健康食物惹禍？	', '\"過敏好不了怎麼辦？小心也可能是「健康食物」惹的禍。營養師許瓊月拍片分享案例，有4歲女童全身癢、抓到破皮紅腫、流血，即便看了醫生並透過藥物治療，卻仍持續1、2年無法根治。在做了慢性食物過敏原檢測後，才發現竟是家中常吃的食物惹的禍。\r\n營養師許瓊月分享，該女童的過敏原食物包括：橄欖、花椰菜、檸檬與小麥。家長為了健康養身，常使用橄欖油烹調食物，加上小女孩愛吃麵條、麵包等小麥製品，且花椰菜、檸檬對一般人來說都是健康蔬果，在不斷刺激下就造成發炎、過敏反應不斷出現。\"	\r\n', '../../img/news/news11.png', 'food', '2023-05-11 04:05:02'),
(12, '拉開沾黏筋膜與肌肉	', '\"你一定聽說過，好不了的腰酸背痛、莫名發作的肌肉痠痛症狀，原因可能出自你的身體筋膜沾黏了！到底什麼是筋膜呢？美國國家運動醫學院認證私人教練 Daniel Bubnis 審閱的一篇文章指出，筋膜（fascia）主要由膠原蛋白（collagen）構成，具有連結肌肉、骨骼、肌腱、韌帶等結締組織的功能。由於筋膜覆蓋全身，當一處的筋膜受到拉扯時，就會影響到全身的筋膜與動作。\r\n健康的筋膜具有靈活、柔韌、可滑動等特性，能帶來讓身體勻稱、血流增加、恢復速度快、降低受傷風險與疼痛、增進運動表現、減少妊娠紋、橘皮組織與疤痕等好處。\r\n而相對地，當筋膜不健康時，就可能發生沾黏、緊繃等問題。導致筋膜沾黏或不健康的原因包括：靜態、少活動的生活型態\r\n增進筋膜健康的方法:\r\n每天伸展10分鐘：美國物理治療師 Grayson Wickham 建議，已不會造成疼痛的程度每天伸展10分鐘（每次30秒～1分鐘），可以幫助釋放肌肉的壓力。\r\n滾筒按摩：Grayson Wickham 認為，滾筒按摩有助確認累積過多壓力而緊繃的筋膜部位。當按摩到緊繃或疼痛的位置時，應短暫停留30～60秒，幫助改善筋膜健康。\r\n三溫暖：美國筋膜治療師 Ashley Black 認為，溫熱能夠提升血液循環、幫助筋膜進入更為柔韌的狀態。除了三溫暖以外，蒸氣、熱敷、熱水淋浴也都是能夠提供溫熱的方法。\r\n有氧運動：Ashley Black 指出，慢跑、騎腳踏車、游泳等有氧運動可以從體內提供溫熱，除了活動到肌肉以外，也能增加供給給肌肉的血液。\r\n多喝水：如同我們的肌膚，當筋膜的水分充足時，會更有可塑性與延展性；如果筋膜缺水，則會變得脆弱。\"	\r\n', '../../img/news/news12.jpg', 'exercise', '2023-05-18 04:05:19'),
(13, '上班族常見狀況有這些！', '上班族敏感問題，可能是體質惹的禍！很多人其實都有體質問題，經常忍耐並不是解決之道。如果老是忽略可能會導致身體狀態不佳、精神不濟，進而影響工作和生活品質。除了注意飲食、運動和睡眠等基本因素外，補充益生菌也是調整體質的有效方法。當體內的壞菌多於好菌時，我們會特別容易受到外在環境變化的影響，所以持續補充好菌、幫助維持好菌平衡是很重要的。', '../../img/news/news13.jpg', 'health', '2023-05-25 02:23:21');

-- --------------------------------------------------------

--
-- Table structure for table `personalclass`
--

CREATE TABLE `personalclass` (
  `personal_csid` int(11) NOT NULL,
  `cid` int(11) NOT NULL,
  `mid` int(11) DEFAULT NULL,
  `sdate` datetime NOT NULL,
  `edate` datetime NOT NULL,
  `location` varchar(50) DEFAULT NULL,
  `state` varchar(20) DEFAULT '未完成'
) ENGINE=InnoDB DEFAULT CHARSET=utf8;

--
-- Dumping data for table `personalclass`
--

INSERT INTO `personalclass` (`personal_csid`, `cid`, `mid`, `sdate`, `edate`, `location`, `state`) VALUES
(1, 3, 1, '2023-04-26 22:41:37', '2023-04-28 22:41:37', NULL, '未完成'),
(2, 3, 1, '2023-04-26 22:41:37', '2023-04-28 22:41:37', NULL, '未完成'),
(3, 5, 24, '2023-04-06 10:00:00', '2023-04-06 11:00:00', NULL, '已完成'),
(4, 5, 24, '2023-04-12 12:00:00', '2023-04-12 13:00:00', NULL, '未完成'),
(5, 3, NULL, '2023-05-07 12:34:40', '2023-05-07 12:34:40', NULL, '未完成'),
(6, 3, NULL, '2023-05-06 12:34:40', '2023-05-06 12:34:40', NULL, '未完成'),
(7, 3, 24, '2023-05-08 16:18:56', '2023-05-08 16:18:56', NULL, '已完成'),
(8, 3, NULL, '2023-05-07 16:28:16', '2023-05-07 16:28:16', NULL, '已完成'),
(9, 3, NULL, '2023-05-03 18:06:40', '2023-05-03 18:06:40', NULL, '未完成'),
(10, 5, NULL, '2023-05-10 08:46:54', '2023-05-10 09:46:54', NULL, '未完成'),
(11, 3, NULL, '2023-05-15 11:00:06', '2023-05-15 12:00:06', NULL, '未完成'),
(12, 3, NULL, '2023-05-15 13:00:06', '2023-05-16 14:00:06', NULL, '未完成'),
(13, 3, 3, '2023-05-16 14:37:14', '2023-05-16 15:37:14', NULL, '未完成'),
(14, 5, NULL, '2023-05-16 16:40:07', '2023-05-16 17:40:07', NULL, '未完成'),
(15, 5, NULL, '2023-05-17 13:40:07', '2023-05-17 14:40:07', NULL, '未完成'),
(16, 3, NULL, '2023-05-30 14:42:54', '2023-05-30 14:42:54', NULL, '未完成'),
(17, 3, NULL, '2023-05-18 15:10:04', '2023-05-18 16:10:04', NULL, '未完成'),
(18, 5, 7, '2023-05-19 16:00:00', '2023-05-19 17:00:00', NULL, '完成'),
(19, 3, NULL, '2023-05-19 09:11:48', '2023-05-19 10:11:48', NULL, '未完成'),
(20, 5, NULL, '2023-05-20 10:11:48', '2023-05-20 11:11:48', NULL, '預約成功'),
(21, 3, 7, '2023-05-21 11:00:00', '2023-05-21 12:00:00', NULL, '完成'),
(22, 3, NULL, '2023-05-22 12:11:48', '2023-05-22 13:11:48', NULL, '未完成'),
(23, 3, NULL, '2023-05-23 13:11:48', '2023-05-23 14:11:48', NULL, '未完成'),
(24, 5, NULL, '2023-05-24 14:00:00', '2023-05-24 15:00:00', NULL, '預約成功'),
(25, 5, NULL, '2023-05-25 15:11:48', '2023-05-25 16:11:48', NULL, '未完成'),
(26, 3, NULL, '2023-05-26 16:11:48', '2023-05-26 17:11:48', NULL, '未完成'),
(27, 3, NULL, '2023-05-27 17:11:48', '2023-05-27 18:11:48', NULL, '未完成'),
(28, 3, NULL, '2023-05-28 18:11:48', '2023-05-28 19:11:48', NULL, '未完成'),
(29, 3, NULL, '2023-05-29 19:11:48', '2023-05-29 20:11:48', NULL, '未完成'),
(30, 3, NULL, '2023-05-30 20:11:48', '2023-05-30 21:11:48', NULL, '未完成'),
(31, 3, NULL, '2023-05-17 11:11:48', '2023-05-17 12:11:48', NULL, '未完成'),
(32, 3, NULL, '2023-05-17 13:11:48', '2023-05-17 14:11:48', NULL, '未完成'),
(33, 3, NULL, '2023-05-17 17:11:48', '2023-05-17 18:11:48', NULL, '未完成'),
(34, 8, NULL, '2023-05-19 09:11:48', '2023-05-19 10:11:48', NULL, '未完成'),
(35, 8, NULL, '2023-05-20 10:11:48', '2023-05-20 11:11:48', NULL, '未完成'),
(36, 8, NULL, '2023-05-21 11:11:48', '2023-05-21 12:11:48', NULL, '未完成'),
(37, 8, NULL, '2023-05-22 12:11:48', '2023-05-22 13:11:48', NULL, '未完成'),
(38, 8, NULL, '2023-05-23 13:11:48', '2023-05-23 14:11:48', NULL, '未完成'),
(39, 8, NULL, '2023-05-24 14:11:48', '2023-05-24 15:11:48', NULL, '未完成'),
(40, 8, NULL, '2023-05-25 15:11:48', '2023-05-25 16:11:48', NULL, '未完成'),
(41, 8, NULL, '2023-05-26 16:11:48', '2023-05-26 17:11:48', NULL, '未完成'),
(42, 8, NULL, '2023-05-27 17:11:48', '2023-05-27 18:11:48', NULL, '未完成'),
(43, 8, NULL, '2023-05-28 18:11:48', '2023-05-28 19:11:48', NULL, '未完成'),
(44, 8, NULL, '2023-05-29 19:11:48', '2023-05-29 20:11:48', NULL, '未完成'),
(45, 8, NULL, '2023-05-30 20:11:48', '2023-05-30 21:11:48', NULL, '未完成'),
(46, 8, NULL, '2023-05-07 09:11:48', '2023-05-19 10:11:48', NULL, '未完成'),
(47, 8, NULL, '2023-05-08 10:11:48', '2023-05-20 11:11:48', NULL, '未完成'),
(48, 8, NULL, '2023-05-09 11:11:48', '2023-05-21 12:11:48', NULL, '未完成'),
(49, 8, NULL, '2023-05-10 12:11:48', '2023-05-22 13:11:48', NULL, '未完成'),
(50, 8, NULL, '2023-05-11 13:11:48', '2023-05-23 14:11:48', NULL, '未完成'),
(51, 8, NULL, '2023-05-12 14:11:48', '2023-05-24 15:11:48', NULL, '未完成'),
(52, 8, NULL, '2023-05-13 15:11:48', '2023-05-25 16:11:48', NULL, '未完成'),
(53, 8, NULL, '2023-05-14 16:11:48', '2023-05-26 17:11:48', NULL, '未完成'),
(54, 8, NULL, '2023-05-15 17:11:48', '2023-05-27 18:11:48', NULL, '未完成'),
(55, 8, NULL, '2023-05-16 18:11:48', '2023-05-28 19:11:48', NULL, '未完成'),
(56, 8, NULL, '2023-05-17 19:11:48', '2023-05-29 20:11:48', NULL, '未完成'),
(57, 8, NULL, '2023-05-18 20:11:48', '2023-05-30 21:11:48', NULL, '未完成'),
(70, 8, NULL, '2023-05-17 09:11:48', '2023-05-19 10:11:48', NULL, '未完成'),
(71, 8, NULL, '2023-05-18 10:11:48', '2023-05-20 11:11:48', NULL, '未完成'),
(72, 8, NULL, '2023-05-19 11:11:48', '2023-05-21 12:11:48', NULL, '未完成'),
(73, 8, NULL, '2023-05-20 12:11:48', '2023-05-22 13:11:48', NULL, '未完成'),
(74, 8, NULL, '2023-05-21 13:11:48', '2023-05-23 14:11:48', NULL, '未完成'),
(75, 8, NULL, '2023-05-22 14:11:48', '2023-05-24 15:11:48', NULL, '未完成'),
(76, 8, NULL, '2023-05-23 15:11:48', '2023-05-25 16:11:48', NULL, '未完成'),
(77, 8, NULL, '2023-05-24 16:11:48', '2023-05-26 17:11:48', NULL, '未完成'),
(78, 8, NULL, '2023-05-25 17:11:48', '2023-05-27 18:11:48', NULL, '未完成'),
(79, 8, NULL, '2023-05-26 18:11:48', '2023-05-28 19:11:48', NULL, '未完成'),
(80, 8, NULL, '2023-05-27 19:11:48', '2023-05-29 20:11:48', NULL, '未完成'),
(81, 8, NULL, '2023-05-28 20:11:48', '2023-05-30 21:11:48', NULL, '未完成'),
(82, 8, NULL, '2023-05-01 09:11:48', '2023-05-19 10:11:48', NULL, '未完成'),
(83, 8, NULL, '2023-05-02 10:11:48', '2023-05-20 11:11:48', NULL, '未完成'),
(84, 8, NULL, '2023-05-03 11:11:48', '2023-05-21 12:11:48', NULL, '未完成'),
(85, 8, NULL, '2023-05-04 12:11:48', '2023-05-22 13:11:48', NULL, '未完成'),
(86, 8, NULL, '2023-05-05 13:11:48', '2023-05-23 14:11:48', NULL, '未完成'),
(87, 8, NULL, '2023-05-06 14:11:48', '2023-05-24 15:11:48', NULL, '未完成'),
(88, 8, NULL, '2023-05-07 15:11:48', '2023-05-25 16:11:48', NULL, '未完成'),
(89, 8, NULL, '2023-05-08 16:11:48', '2023-05-26 17:11:48', NULL, '未完成'),
(90, 8, NULL, '2023-05-09 17:11:48', '2023-05-27 18:11:48', NULL, '未完成'),
(91, 8, NULL, '2023-05-10 18:11:48', '2023-05-28 19:11:48', NULL, '未完成'),
(92, 8, NULL, '2023-05-11 19:11:48', '2023-05-29 20:11:48', NULL, '未完成'),
(93, 8, NULL, '2023-05-12 20:11:48', '2023-05-30 21:11:48', NULL, '未完成'),
(94, 3, NULL, '2023-05-17 09:11:48', '2023-05-19 10:11:48', NULL, '未完成'),
(95, 3, NULL, '2023-05-18 10:11:48', '2023-05-20 11:11:48', NULL, '未完成'),
(96, 3, NULL, '2023-05-19 11:11:48', '2023-05-21 12:11:48', NULL, '未完成'),
(97, 3, NULL, '2023-05-20 12:11:48', '2023-05-22 13:11:48', NULL, '未完成'),
(98, 3, NULL, '2023-05-21 13:11:48', '2023-05-23 14:11:48', NULL, '未完成'),
(99, 3, NULL, '2023-05-22 14:11:48', '2023-05-24 15:11:48', NULL, '未完成'),
(100, 3, NULL, '2023-05-23 15:11:48', '2023-05-25 16:11:48', NULL, '未完成'),
(101, 3, NULL, '2023-05-24 16:11:48', '2023-05-26 17:11:48', NULL, '未完成'),
(102, 3, NULL, '2023-05-25 17:11:48', '2023-05-27 18:11:48', NULL, '未完成'),
(103, 3, NULL, '2023-05-26 18:11:48', '2023-05-28 19:11:48', NULL, '未完成'),
(104, 3, NULL, '2023-05-27 19:11:48', '2023-05-29 20:11:48', NULL, '未完成'),
(105, 3, NULL, '2023-05-28 20:11:48', '2023-05-30 21:11:48', NULL, '未完成'),
(106, 5, NULL, '2023-05-17 09:11:48', '2023-05-19 10:11:48', NULL, '未完成'),
(107, 5, NULL, '2023-05-18 10:11:48', '2023-05-20 11:11:48', NULL, '未完成'),
(108, 5, NULL, '2023-05-19 11:11:48', '2023-05-21 12:11:48', NULL, '未完成'),
(109, 5, NULL, '2023-05-20 12:11:48', '2023-05-22 13:11:48', NULL, '未完成'),
(110, 5, NULL, '2023-05-21 13:11:48', '2023-05-23 14:11:48', NULL, '未完成'),
(111, 5, NULL, '2023-05-22 14:11:48', '2023-05-24 15:11:48', NULL, '未完成'),
(112, 5, NULL, '2023-05-23 15:11:48', '2023-05-25 16:11:48', NULL, '未完成'),
(113, 5, NULL, '2023-05-24 16:11:48', '2023-05-26 17:11:48', NULL, '未完成'),
(114, 5, NULL, '2023-05-25 17:11:48', '2023-05-27 18:11:48', NULL, '未完成'),
(115, 5, NULL, '2023-05-26 18:11:48', '2023-05-28 19:11:48', NULL, '未完成'),
(116, 5, NULL, '2023-05-27 19:11:48', '2023-05-29 20:11:48', NULL, '未完成'),
(117, 5, NULL, '2023-05-28 20:11:48', '2023-05-30 21:11:48', NULL, '未完成'),
(118, 5, NULL, '2023-05-15 09:11:48', '2023-05-19 10:11:48', NULL, '未完成');

-- --------------------------------------------------------

--
-- Table structure for table `products`
--

CREATE TABLE `products` (
  `products_id` int(11) NOT NULL,
  `products_name` varchar(50) DEFAULT NULL,
  `products_price` int(10) DEFAULT NULL,
  `products_description` text,
  `products_inventory` int(11) DEFAULT NULL,
  `purchases_number` int(11) DEFAULT NULL,
  `products_image` varchar(100) DEFAULT NULL,
  `category` varchar(100) DEFAULT NULL
) ENGINE=InnoDB DEFAULT CHARSET=utf8;

--
-- Dumping data for table `products`
--

INSERT INTO `products` (`products_id`, `products_name`, `products_price`, `products_description`, `products_inventory`, `purchases_number`, `products_image`, `category`) VALUES
(1, '透明分離乳清蛋白粉', 1520, '含有20克蛋白質', 500, 8544, '../img/shop/nutritional/nutritional 001.png', 'nutritional'),
(2, 'Impact 乳清蛋白粉', 990, '每份蛋白質含量高達 21 克', 700, 9662, '../img/shop/nutritional/nutritional 002.png', 'nutritional'),
(3, '高蛋白威化餅乾', 1440, '比超市售賣的普通威化餅乾的糖分含量少 60% ，脂肪含量少 20%', 600, 13536, '../img/shop/nutritional/nutritional 003.png', 'nutritional'),
(4, '高蛋白格蘭諾拉麥片', 1680, '纖維的豐富來源', 500, 11070, '../img/shop/nutritional/nutritional 004.png', 'nutritional'),
(5, '高蛋白軟糖', 1410, '方便的蛋白質來源', 400, 5194, '../img/shop/nutritional/nutritional 005.png', 'nutritional'),
(6, '維他命 D 軟糖', 950, '每顆軟糖含有 25 微克維他命 D3 ', 350, 4746, '../img/shop/nutritional/nutritional 006.png', 'nutritional'),
(7, '100％ AAKG 精胺酸粉', 3320, '含有精胺酸和精胺酸-α-酮戊二酸', 300, 3548, '../img/shop/nutritional/nutritional 007.png', 'nutritional'),
(8, '左旋肉鹼液體膠囊', 1300, '液體製劑吸收快速，具有更高的吸收率及生物利用度', 500, 6718, '../img/shop/nutritional/nutritional 008.png', 'nutritional'),
(9, '好風光按摩椅', 63800, '碳纖維遠紅外線加熱、溫度調節', 150, 238, '../img/shop/massage/massage 001.png', 'massage'),
(10, '日本製 5D-Ai 按摩椅', 125800, '腳底舒服指壓，特殊滾輪形狀刺激腳心到腳底外側', 100, 112, '../img/shop/massage/massage 002.png', 'massage'),
(11, '冰熱敷按摩槍', 5680, '內置具充電功能、超長續航力環保鋰電電池', 200, 566, '../img/shop/massage/massage 003.png', 'massage'),
(12, '眼部紓摩器', 3680, '內置全包覆氣囊間歇按壓', 450, 366, '../img/shop/massage/massage 004.png', 'massage'),
(13, '3D多感舒摩背墊', 6980, '旋轉立體滾動4D按摩球，如真人手感按壓享受', 180, 445, '../img/shop/massage/massage 005.png', 'massage'),
(14, '暖骨頭舒壓按摩枕', 2980, '溫熱熱敷功能，幫助肌肉深層放鬆', 600, 986, '../img/shop/massage/massage 006.png', 'massage'),
(15, '足腿腰椅凳造型按摩機', 9800, '足腿兩側雙氣囊溫和抓握按壓', 100, 194, '../img/shop/massage/massage 007.png', 'massage'),
(16, '超薄舒摩枕', 3360, '', 250, 368, '../img/shop/massage/massage 008.png', 'massage'),
(17, '電動跑步機', 46800, '獨家複合式避震系統，確保你每個步伐舒適', 150, 483, '../img/shop/equipment/equipment 001.png', 'equipment'),
(18, '交叉訓練機', 48800, '大型心率圈有氧羅盤，查看成效超直覺', 100, 230, '../img/shop/equipment/equipment 002.png', 'equipment'),
(19, '直立式健身車', 148800, '雙層框架設計，提供低跨步及相對穩定的機身', 90, 146, '../img/shop/equipment/equipment 003.png', 'equipment'),
(20, '極峰登山訓練機', 58800, '懸吊式外觀設計，漸少噪音並更顯動作流暢', 260, 328, '../img/shop/equipment/equipment 004.png', 'equipment'),
(21, '頂級飛輪車', 110000, 'X-Bar專利可動式把手，模擬山地攀登訓練', 350, 460, '../img/shop/equipment/equipment 005.png', 'equipment'),
(22, '新型電鍍啞鈴', 390, '電鍍防鏽處理', 500, 3356, '../img/shop/equipment/equipment 006.png', 'equipment'),
(23, '扭腰踏步機', 1980, '非傳統上下踏步，扭腰/踏步同時進行', 400, 2238, '../img/shop/equipment/equipment 007.png', 'equipment'),
(24, '多功能重量訓練機', 88800, '各項運動、各種力量和有氧運動一次涵括', 200, 246, '../img/shop/equipment/equipment 008.png', 'equipment');

-- --------------------------------------------------------

--
-- Table structure for table `purchaselist`
--

CREATE TABLE `purchaselist` (
  `purchase_id` int(11) NOT NULL,
  `mid` int(11) NOT NULL,
  `purchase_item` varchar(200) NOT NULL,
  `totalprice` int(6) NOT NULL,
  `purchase_time` timestamp NOT NULL DEFAULT CURRENT_TIMESTAMP,
  `purchase_quantity` int(11) NOT NULL,
  `purchase_venue` varchar(50) NOT NULL
) ENGINE=InnoDB DEFAULT CHARSET=utf8;

--
-- Dumping data for table `purchaselist`
--

INSERT INTO `purchaselist` (`purchase_id`, `mid`, `purchase_item`, `totalprice`, `purchase_time`, `purchase_quantity`, `purchase_venue`) VALUES
(1, 1, 'pika', 100, '2023-05-06 23:43:32', 5, 'taipei'),
(110, 7, '高蛋白威化餅乾', 2880, '2023-05-19 01:57:32', 2, 'Taipei'),
(147, 7, '高蛋白格蘭諾拉麥片', 3360, '2023-05-19 03:15:28', 2, 'Taichung'),
(152, 31, '高蛋白威化餅乾', 2880, '2023-05-16 13:54:53', 2, 'Taichung'),
(153, 31, 'Impact 乳清蛋白粉', 2970, '2023-05-16 13:56:54', 3, 'Taichung'),
(154, 31, '高蛋白威化餅乾', 2880, '2023-05-16 14:02:27', 2, 'Taichung'),
(155, 31, 'Impact 乳清蛋白粉', 990, '2023-05-16 14:09:23', 1, 'Taipei'),
(156, 31, 'Impact 乳清蛋白粉', 990, '2023-05-16 14:18:45', 1, 'Taichung'),
(167, 7, '眼部紓摩器', 3680, '2023-05-19 03:34:33', 1, 'Tainan'),
(175, 5, '暖骨頭舒壓按摩枕', 8940, '2023-05-25 02:14:19', 3, 'Taipei');

-- --------------------------------------------------------

--
-- Table structure for table `space`
--

CREATE TABLE `space` (
  `spaceid` int(11) NOT NULL,
  `space_name` varchar(30) NOT NULL,
  `building` varchar(20) DEFAULT NULL,
  `space_info` text NOT NULL,
  `space_img` varchar(40) NOT NULL
) ENGINE=InnoDB DEFAULT CHARSET=utf8;

--
-- Dumping data for table `space`
--

INSERT INTO `space` (`spaceid`, `space_name`, `building`, `space_info`, `space_img`) VALUES
(3, 'VIP_A', '台北旗艦館', '五平方公尺，配有一台跑步機，槓鈴一套', '../../img/space/space3.jpg'),
(4, 'VIP_B', '台北旗艦館', '六平方公尺，配有飛輪兩台，ALEX 專業級20公斤包膠槓片/啞鈴組(含1.25kg,2.5kg,5kg槓片+專用短桿1支)', '../../img/space/space4.jpg'),
(5, 'VIP_C', '台北旗艦館', '五平分公尺，配有跑步機一台，HORIZON Torus 5 多功能重量訓練機', '../../img/space/space5.jpg'),
(6, 'VIP_D', '台北旗艦館', '多功能划船器，多功能訓練床，專業級20公斤包膠槓片/啞鈴組(含1.25kg,2.5kg,5kg槓片+專用短桿1支)', '../../img/space/space6.jpg'),
(7, 'VIP_1', '台中文心館', '多功能划船器，多功能訓練床，專業級20公斤包膠槓片/啞鈴組(含1.25kg,2.5kg,5kg槓片+專用短桿1支)', '../../img/space/space7.jpg'),
(8, 'VIP_2', '台中文心館', '多功能划船器，多功能訓練床，專業級20公斤包膠槓片/啞鈴組(含1.25kg,2.5kg,5kg槓片+專用短桿1支)', '../../img/space/space8.jpg'),
(9, 'VIP_3', '台中文心館', '舉重槓鈴/ 啞鈴短桿 - 2.5kg，包膠槓片 (0.5,1.25,2.5,5,10kg x 2片/ 1對)', '../../img/space/space9.jpg'),
(10, 'VIP I', '高雄草衙館', '六平方公尺，配有飛輪兩台，ALEX 專業級20公斤包膠槓片/啞鈴組(含1.25kg,2.5kg,5kg槓片+專用短桿1支)', '../../img/space/space10.jpg'),
(11, 'VIP II', '高雄草衙館', '舉重槓鈴/ 啞鈴短桿 - 2.5kg，包膠槓片 (0.5,1.25,2.5,5,10kg x 2片/ 1對)', '../../img/space/space11.jpg'),
(12, 'VIP III', '高雄草衙館', '多功能划船器，多功能訓練床，專業級20公斤包膠槓片/啞鈴組(含1.25kg,2.5kg,5kg槓片+專用短桿1支)', '../../img/space/space12.jpg'),
(13, 'VIP IIII', '高雄草衙館', '五平方公尺，配有一台跑步機，槓鈴一套', '../../img/space/space13.jpg');

-- --------------------------------------------------------

--
-- Table structure for table `spacereserve`
--

CREATE TABLE `spacereserve` (
  `space_resid` int(11) NOT NULL,
  `mid` int(11) DEFAULT NULL,
  `spaceid` int(11) NOT NULL,
  `spacePeopleNumber` int(1) NOT NULL,
  `sdate` datetime DEFAULT NULL,
  `edate` datetime DEFAULT NULL,
  `state` varchar(20) NOT NULL
) ENGINE=InnoDB DEFAULT CHARSET=utf8;

--
-- Dumping data for table `spacereserve`
--

INSERT INTO `spacereserve` (`space_resid`, `mid`, `spaceid`, `spacePeopleNumber`, `sdate`, `edate`, `state`) VALUES
(1, 8, 1, 3, '2023-04-12 15:00:00', '2023-04-12 16:00:00', '預約成功'),
(2, 24, 2, 5, '2023-04-12 19:00:00', '2023-04-12 20:00:00', '取消'),
(3, 7, 5, 5, '2023-05-03 16:00:00', '2023-05-03 17:00:00', '完成'),
(9, 5, 3, 1, '2023-06-04 11:00:00', '2023-06-04 12:00:00', '取消');

-- --------------------------------------------------------

--
-- Table structure for table `teamclass`
--

CREATE TABLE `teamclass` (
  `team_csid` int(11) NOT NULL,
  `csid` int(11) NOT NULL,
  `cid` int(11) NOT NULL,
  `sdate` datetime DEFAULT NULL,
  `edate` datetime DEFAULT NULL,
  `total_number` int(11) NOT NULL,
  `present_number` int(11) DEFAULT '0',
  `location` varchar(50) DEFAULT NULL
) ENGINE=InnoDB DEFAULT CHARSET=utf8;

--
-- Dumping data for table `teamclass`
--

INSERT INTO `teamclass` (`team_csid`, `csid`, `cid`, `sdate`, `edate`, `total_number`, `present_number`, `location`) VALUES
(1, 4, 1, '2023-03-03 15:00:00', '2023-03-09 16:00:00', 30, 0, '場地9'),
(2, 6, 4, '2023-03-23 15:00:00', '2023-03-23 16:00:00', 30, 0, '場地3'),
(7, 1, 5, '2023-04-25 15:00:00', '2023-04-25 16:00:00', 30, 1, '場地5'),
(8, 1, 5, '2023-05-01 14:12:10', '2023-05-03 14:12:10', 30, 0, NULL),
(9, 2, 3, '2023-05-01 00:00:00', '2023-05-03 00:00:00', 5, 0, NULL),
(14, 8, 3, '2023-05-05 02:32:38', '2023-05-05 02:32:38', 20, 0, NULL),
(15, 8, 3, '2023-05-05 04:32:38', '2023-05-05 04:32:38', 20, 0, NULL),
(16, 14, 5, '2023-05-14 09:06:00', '2023-05-17 10:06:00', 20, 0, NULL),
(17, 8, 5, '2023-05-09 09:06:00', '2023-05-10 10:06:00', 20, 0, NULL),
(18, 8, 5, '2023-05-11 18:06:00', '2023-05-10 19:06:00', 20, 0, NULL),
(19, 8, 5, '2023-05-12 09:06:00', '2023-05-10 10:06:00', 20, 4, NULL),
(20, 8, 5, '2023-05-13 09:06:00', '2023-05-10 10:06:00', 20, 0, NULL),
(21, 8, 8, '2023-05-14 09:06:00', '2023-05-10 10:06:00', 20, 1, NULL),
(22, 8, 5, '2023-05-15 09:06:00', '2023-05-15 10:06:00', 20, 0, NULL),
(23, 8, 5, '2023-05-10 11:07:59', '2023-05-10 12:07:59', 20, 0, NULL),
(24, 8, 5, '2023-05-09 11:07:59', '2023-05-10 12:07:59', 20, 1, NULL),
(25, 8, 5, '2023-05-11 11:07:59', '2023-05-10 12:07:59', 20, 0, NULL),
(26, 8, 5, '2023-05-12 11:07:59', '2023-05-10 12:07:59', 20, 0, NULL),
(28, 8, 5, '2023-05-14 11:07:59', '2023-05-10 12:07:59', 20, 0, NULL),
(29, 8, 5, '2023-05-08 11:07:59', '2023-05-10 12:07:59', 20, 0, NULL),
(30, 1, 3, '2023-05-16 09:06:26', '2023-05-16 10:06:26', 20, 0, NULL),
(31, 9, 6, '2023-05-17 10:40:11', '2023-05-17 11:40:11', 20, 0, NULL),
(32, 18, 8, '2023-05-18 14:00:00', '2023-05-18 15:00:00', 20, 0, NULL),
(33, 18, 1, '2023-05-18 14:00:00', '2023-05-18 15:00:00', 20, 0, NULL),
(34, 18, 3, '2023-05-18 14:00:00', '2023-05-18 15:00:00', 20, 0, NULL),
(35, 15, 8, '2023-05-18 10:00:51', '2023-05-18 11:00:51', 20, 0, NULL),
(36, 7, 9, '2023-05-19 11:00:51', '2023-05-19 12:00:51', 15, 0, NULL),
(37, 19, 12, '2023-05-18 20:00:51', '2023-05-18 21:00:51', 20, 0, NULL),
(38, 17, 13, '2023-05-20 15:00:51', '2023-05-20 16:00:51', 15, 0, NULL),
(39, 3, 8, '2023-05-23 10:00:51', '2023-05-23 11:00:51', 20, 0, NULL),
(40, 11, 9, '2023-05-24 11:00:51', '2023-05-24 12:00:51', 15, 0, NULL),
(41, 10, 14, '2023-05-15 18:00:54', '2023-05-15 19:00:54', 15, 0, NULL),
(42, 19, 1, '2023-05-18 20:00:51', '2023-05-18 21:00:51', 20, 0, NULL),
(43, 17, 2, '2023-05-19 11:00:51', '2023-05-19 12:00:51', 15, 0, NULL),
(44, 19, 4, '2023-05-16 13:00:51', '2023-05-16 14:00:51', 20, 0, NULL),
(45, 17, 7, '2023-05-15 15:00:51', '2023-05-15 16:00:51', 15, 0, NULL),
(46, 19, 3, '2023-05-08 13:00:51', '2023-05-08 14:00:51', 20, 0, NULL),
(47, 17, 5, '2023-05-09 15:00:51', '2023-05-09 16:00:51', 15, 0, NULL),
(48, 17, 6, '2023-05-10 17:00:51', '2023-05-10 18:00:51', 15, 0, NULL),
(49, 17, 10, '2023-05-11 20:00:51', '2023-05-11 21:00:51', 15, 0, NULL),
(50, 17, 11, '2023-05-12 12:00:51', '2023-05-12 13:00:51', 15, 0, NULL),
(51, 19, 3, '2023-05-11 13:00:51', '2023-05-11 14:00:51', 20, 0, NULL),
(52, 17, 5, '2023-05-12 15:00:51', '2023-05-12 16:00:51', 15, 0, NULL),
(53, 17, 6, '2023-05-13 19:00:51', '2023-05-13 20:00:51', 15, 0, NULL),
(54, 17, 10, '2023-05-14 16:00:51', '2023-05-14 17:00:51', 15, 0, NULL),
(55, 17, 11, '2023-05-11 13:00:51', '2023-05-11 14:00:51', 15, 0, NULL),
(56, 19, 3, '2023-05-15 17:00:51', '2023-05-15 18:00:51', 20, 0, NULL),
(57, 12, 5, '2023-05-16 15:00:51', '2023-05-16 16:00:51', 11, 0, NULL),
(58, 17, 6, '2023-05-17 19:00:51', '2023-05-17 20:00:51', 15, 0, NULL),
(59, 17, 11, '2023-05-18 11:00:51', '2023-05-18 12:00:51', 15, 1, NULL),
(60, 17, 10, '2023-05-19 13:00:51', '2023-05-19 14:00:51', 15, 0, NULL),
(61, 19, 3, '2023-05-19 17:00:51', '2023-05-19 18:00:51', 20, 0, NULL),
(62, 12, 5, '2023-05-19 15:00:51', '2023-05-19 16:00:51', 11, 1, NULL),
(63, 17, 6, '2023-05-20 19:00:51', '2023-05-20 20:00:51', 15, 0, NULL),
(64, 17, 11, '2023-05-20 11:00:51', '2023-05-20 12:00:51', 15, 0, NULL),
(65, 17, 10, '2023-05-21 13:00:51', '2023-05-21 14:00:51', 15, 5, NULL),
(66, 19, 3, '2023-05-15 13:00:51', '2023-05-15 14:00:51', 20, 0, NULL),
(67, 12, 5, '2023-05-16 12:00:51', '2023-05-16 13:00:51', 11, 0, NULL),
(70, 9, 6, '2023-05-17 14:00:51', '2023-05-17 15:00:51', 20, 1, NULL),
(71, 8, 11, '2023-05-17 17:00:51', '2023-05-17 18:00:51', 11, 0, NULL),
(72, 19, 3, '2023-05-22 09:00:51', '2023-05-22 10:00:51', 20, 0, NULL),
(73, 12, 6, '2023-05-22 11:00:51', '2023-05-22 12:00:51', 11, 0, NULL),
(74, 17, 5, '2023-05-22 14:00:51', '2023-05-22 15:00:51', 15, 0, NULL),
(75, 17, 10, '2023-05-22 16:00:51', '2023-05-22 17:00:51', 15, 1, NULL),
(76, 17, 11, '2023-05-22 20:00:51', '2023-05-22 21:00:51', 15, 0, NULL),
(77, 5, 3, '2023-05-23 09:00:51', '2023-05-23 10:00:51', 20, 0, NULL),
(78, 7, 6, '2023-05-23 11:00:51', '2023-05-23 12:00:51', 11, 0, NULL),
(79, 1, 5, '2023-05-23 14:00:51', '2023-05-23 15:00:51', 15, 0, NULL),
(80, 13, 10, '2023-05-23 16:00:51', '2023-05-23 17:00:51', 15, 0, NULL),
(81, 15, 11, '2023-05-23 20:00:51', '2023-05-23 21:00:51', 15, 0, NULL),
(82, 4, 3, '2023-05-24 10:00:51', '2023-05-24 11:00:51', 20, 0, NULL),
(83, 9, 6, '2023-05-24 12:00:51', '2023-05-24 13:00:51', 11, 0, NULL),
(84, 20, 5, '2023-05-24 13:00:51', '2023-05-24 14:00:51', 15, 0, NULL),
(85, 2, 10, '2023-05-24 15:00:51', '2023-05-24 16:00:51', 15, 0, NULL),
(86, 16, 11, '2023-05-24 19:00:51', '2023-05-24 20:00:51', 15, 0, NULL),
(87, 7, 3, '2023-05-24 18:00:51', '2023-05-24 19:00:51', 20, 0, NULL),
(88, 10, 6, '2023-05-25 11:00:51', '2023-05-25 12:00:51', 11, 1, NULL),
(89, 11, 5, '2023-05-26 13:00:51', '2023-05-26 14:00:51', 15, 0, NULL),
(90, 14, 10, '2023-05-27 15:00:51', '2023-05-27 16:00:51', 15, 0, NULL),
(91, 13, 11, '2023-05-28 19:00:51', '2023-05-28 20:00:51', 15, 4, NULL);

-- --------------------------------------------------------

--
-- Table structure for table `teamclassreserve`
--

CREATE TABLE `teamclassreserve` (
  `team_resid` int(11) NOT NULL,
  `mid` int(11) NOT NULL,
  `team_csid` int(11) NOT NULL,
  `state` varchar(20) DEFAULT '預約成功'
) ENGINE=InnoDB DEFAULT CHARSET=utf8;

--
-- Dumping data for table `teamclassreserve`
--

INSERT INTO `teamclassreserve` (`team_resid`, `mid`, `team_csid`, `state`) VALUES
(1, 24, 2, '預約成功'),
(2, 24, 7, '預約成功'),
(3, 24, 11, '預約成功'),
(4, 24, 12, '預約成功'),
(5, 24, 9, '取消'),
(6, 24, 8, '取消'),
(8, 7, 1, '完成'),
(9, 7, 2, '取消'),
(10, 7, 70, '預約成功'),
(15, 7, 59, '預約成功'),
(17, 7, 65, '預約成功'),
(23, 5, 88, '預約成功');

--
-- Indexes for dumped tables
--

--
-- Indexes for table `admin`
--
ALTER TABLE `admin`
  ADD PRIMARY KEY (`adminId`),
  ADD UNIQUE KEY `adminAccount` (`adminAccount`);

--
-- Indexes for table `classinfo`
--
ALTER TABLE `classinfo`
  ADD PRIMARY KEY (`csid`);

--
-- Indexes for table `coach`
--
ALTER TABLE `coach`
  ADD PRIMARY KEY (`cid`);

--
-- Indexes for table `collect`
--
ALTER TABLE `collect`
  ADD PRIMARY KEY (`collect_id`);

--
-- Indexes for table `entertime`
--
ALTER TABLE `entertime`
  ADD PRIMARY KEY (`entertime_id`),
  ADD KEY `mid` (`mid`);

--
-- Indexes for table `member`
--
ALTER TABLE `member`
  ADD PRIMARY KEY (`mid`),
  ADD UNIQUE KEY `maccount` (`maccount`);

--
-- Indexes for table `news`
--
ALTER TABLE `news`
  ADD PRIMARY KEY (`newsid`);

--
-- Indexes for table `personalclass`
--
ALTER TABLE `personalclass`
  ADD PRIMARY KEY (`personal_csid`),
  ADD KEY `mid` (`mid`),
  ADD KEY `cid` (`cid`);

--
-- Indexes for table `products`
--
ALTER TABLE `products`
  ADD PRIMARY KEY (`products_id`);

--
-- Indexes for table `purchaselist`
--
ALTER TABLE `purchaselist`
  ADD PRIMARY KEY (`purchase_id`),
  ADD KEY `mid` (`mid`);

--
-- Indexes for table `space`
--
ALTER TABLE `space`
  ADD PRIMARY KEY (`spaceid`);

--
-- Indexes for table `spacereserve`
--
ALTER TABLE `spacereserve`
  ADD PRIMARY KEY (`space_resid`),
  ADD UNIQUE KEY `spaceid_time` (`spaceid`,`sdate`),
  ADD KEY `mid` (`mid`);

--
-- Indexes for table `teamclass`
--
ALTER TABLE `teamclass`
  ADD PRIMARY KEY (`team_csid`),
  ADD KEY `cid` (`cid`),
  ADD KEY `csid` (`csid`);

--
-- Indexes for table `teamclassreserve`
--
ALTER TABLE `teamclassreserve`
  ADD PRIMARY KEY (`team_resid`),
  ADD KEY `mid` (`mid`),
  ADD KEY `team_csid` (`team_csid`);

--
-- AUTO_INCREMENT for dumped tables
--

--
-- AUTO_INCREMENT for table `admin`
--
ALTER TABLE `admin`
  MODIFY `adminId` int(11) NOT NULL AUTO_INCREMENT, AUTO_INCREMENT=3;

--
-- AUTO_INCREMENT for table `classinfo`
--
ALTER TABLE `classinfo`
  MODIFY `csid` int(11) NOT NULL AUTO_INCREMENT, AUTO_INCREMENT=21;

--
-- AUTO_INCREMENT for table `coach`
--
ALTER TABLE `coach`
  MODIFY `cid` int(11) NOT NULL AUTO_INCREMENT, AUTO_INCREMENT=15;

--
-- AUTO_INCREMENT for table `collect`
--
ALTER TABLE `collect`
  MODIFY `collect_id` int(11) NOT NULL AUTO_INCREMENT, AUTO_INCREMENT=67;

--
-- AUTO_INCREMENT for table `entertime`
--
ALTER TABLE `entertime`
  MODIFY `entertime_id` int(11) NOT NULL AUTO_INCREMENT, AUTO_INCREMENT=24;

--
-- AUTO_INCREMENT for table `member`
--
ALTER TABLE `member`
  MODIFY `mid` int(11) NOT NULL AUTO_INCREMENT, AUTO_INCREMENT=13;

--
-- AUTO_INCREMENT for table `news`
--
ALTER TABLE `news`
  MODIFY `newsid` int(11) NOT NULL AUTO_INCREMENT, AUTO_INCREMENT=14;

--
-- AUTO_INCREMENT for table `personalclass`
--
ALTER TABLE `personalclass`
  MODIFY `personal_csid` int(11) NOT NULL AUTO_INCREMENT, AUTO_INCREMENT=119;

--
-- AUTO_INCREMENT for table `products`
--
ALTER TABLE `products`
  MODIFY `products_id` int(11) NOT NULL AUTO_INCREMENT, AUTO_INCREMENT=25;

--
-- AUTO_INCREMENT for table `purchaselist`
--
ALTER TABLE `purchaselist`
  MODIFY `purchase_id` int(11) NOT NULL AUTO_INCREMENT, AUTO_INCREMENT=176;

--
-- AUTO_INCREMENT for table `space`
--
ALTER TABLE `space`
  MODIFY `spaceid` int(11) NOT NULL AUTO_INCREMENT, AUTO_INCREMENT=14;

--
-- AUTO_INCREMENT for table `spacereserve`
--
ALTER TABLE `spacereserve`
  MODIFY `space_resid` int(11) NOT NULL AUTO_INCREMENT, AUTO_INCREMENT=10;

--
-- AUTO_INCREMENT for table `teamclass`
--
ALTER TABLE `teamclass`
  MODIFY `team_csid` int(11) NOT NULL AUTO_INCREMENT, AUTO_INCREMENT=92;

--
-- AUTO_INCREMENT for table `teamclassreserve`
--
ALTER TABLE `teamclassreserve`
  MODIFY `team_resid` int(11) NOT NULL AUTO_INCREMENT, AUTO_INCREMENT=24;

--
-- Constraints for dumped tables
--

--
-- Constraints for table `entertime`
--
ALTER TABLE `entertime`
  ADD CONSTRAINT `entertime_ibfk_1` FOREIGN KEY (`mid`) REFERENCES `member` (`mid`);
COMMIT;

/*!40101 SET CHARACTER_SET_CLIENT=@OLD_CHARACTER_SET_CLIENT */;
/*!40101 SET CHARACTER_SET_RESULTS=@OLD_CHARACTER_SET_RESULTS */;
/*!40101 SET COLLATION_CONNECTION=@OLD_COLLATION_CONNECTION */;
